country_name,iso_code,year,gdp_per_capita,population,co2,co2_per_capita,life_expectancy
Australia,AUS,1990,18273.56153,17065128.0,278.0610046386719,16.235902786254883,77.0414
Australia,AUS,1991,18885.42745,17284036.0,279.4373779296875,16.10293960571289,77.4806
Australia,AUS,1992,18650.36755,17478635.0,284.4334411621094,16.207693099975586,77.4731
Australia,AUS,1993,17724.53995,17634808.0,288.7804260253906,16.294191360473633,78.006
Australia,AUS,1994,18155.6282,17805468.0,293.61328125,16.40532875061035,77.8515
Australia,AUS,1995,20479.17483,18004882.0,304.9623107910156,16.853084564208984,78.2569
Australia,AUS,1996,22055.83849,18224767.0,311.85089111328125,17.03609275817871,78.3436
Australia,AUS,1997,23683.4949,18423037.0,320.2425231933594,17.30581283569336,78.6256
Australia,AUS,1998,21516.04031,18607584.0,334.03778076171875,17.861351013183594,79.0202
Australia,AUS,1999,20749.64438,18812264.0,343.8761901855469,18.18490600585937,79.2769
Australia,AUS,2000,21908.9968,19028802.0,349.89764404296875,18.28815650939941,79.6207
Australia,AUS,2001,19733.65101,19274701.0,357.66778564453125,18.46938705444336,80.006
Australia,AUS,2002,20335.09602,19495210.0,362.4249267578125,18.495450973510746,80.0515
Australia,AUS,2003,23757.58985,19720737.0,370.784423828125,18.70810890197754,80.4396
Australia,AUS,2004,30886.05009,19932722.0,382.0048828125,19.055768966674805,80.7334
Australia,AUS,2005,34535.20727,20176844.0,385.0815124511719,18.974681854248047,81.0923
Australia,AUS,2006,36658.82435,20450966.0,391.3725280761719,19.00737190246582,81.2581
Australia,AUS,2007,41128.24766,20827622.0,398.896240234375,19.036264419555664,81.2324
Australia,AUS,2008,49811.20672,21249199.0,404.279296875,18.91754913330078,81.4267
Australia,AUS,2009,42954.84949,21691653.0,406.9770812988281,18.68323135375977,81.7283
Australia,AUS,2010,52313.8939,22031750.0,405.0259399414063,18.29254722595215,82.0132
Australia,AUS,2011,62799.3895,22340024.0,403.8743896484375,17.96611976623535,82.0911
Australia,AUS,2012,68301.44025,22733465.0,405.005126953125,17.72245979309082,82.2966
Australia,AUS,2013,68476.67885,23128129.0,397.8498840332031,17.121932983398438,82.5511
Australia,AUS,2014,62817.20618,23475686.0,392.6095886230469,16.639102935791016,82.5182
Australia,AUS,2015,56970.3613,23815995.0,400.5891723632813,16.727460861206055,82.605
Australia,AUS,2016,50084.44406,24190907.0,409.6663208007813,16.837934494018555,82.8014
Australia,AUS,2017,54117.54772,24592588.0,413.4078369140625,16.716150283813477,82.7184
Australia,AUS,2018,57410.17373,24963258.0,414.7805786132813,16.512163162231445,83.2582
Australia,AUS,2019,55194.75851,25334826.0,414.9253234863281,16.28261947631836,83.2412
Australia,AUS,2020,51983.45237,25649248.0,398.5469055175781,15.481285095214844,83.6639
Australia,AUS,2021,60758.90444,25685412.0,388.4722900390625,14.96632957458496,83.564
Australia,AUS,2022,65169.51911,26018721.0,384.0784301757813,14.658929824829102,82.7662
Australia,AUS,2023,65058.37731,26659922.0,384.3160705566406,14.529289245605469,83.9228
Bangladesh,BGD,1990,283.0537371,111633717.0,14.08159637451172,0.1261410564184188,55.8219
Bangladesh,BGD,1991,272.0649485,113787109.0,14.752974510192873,0.1296541839838028,53.7809
Bangladesh,BGD,1992,273.4650725,115952192.0,15.39089584350586,0.1327348351478576,56.5915
Bangladesh,BGD,1993,280.7572745,118132360.0,16.073917388916016,0.1360670030117035,57.0729
Bangladesh,BGD,1994,280.6030318,120343179.0,17.552698135375977,0.1458553522825241,57.6403
Bangladesh,BGD,1995,309.4586808,122600370.0,21.05636978149414,0.171748012304306,58.2442
Bangladesh,BGD,1996,371.9179377,124862179.0,21.507471084594727,0.1722496896982193,58.9395
Bangladesh,BGD,1997,379.2849177,127198069.0,23.14411354064941,0.1819533407688141,59.6713
Bangladesh,BGD,1998,385.6168818,129622332.0,23.21611976623535,0.1791058629751205,60.4291
Bangladesh,BGD,1999,388.0956843,132108065.0,25.093307495117188,0.1899453103542328,61.2444
Bangladesh,BGD,2000,396.6707302,134544304.0,26.53926658630371,0.1972529888153076,62.0487
Bangladesh,BGD,2001,394.65641,136805810.0,31.0642204284668,0.2270679920911789,62.8358
Bangladesh,BGD,2002,393.8864223,138933658.0,32.00688934326172,0.2303753495216369,63.5914
Bangladesh,BGD,2003,426.7488075,140970351.0,33.495933532714844,0.2376097738742828,64.2877
Bangladesh,BGD,2004,455.6140169,142902856.0,35.978172302246094,0.2517666518688202,64.9118
Bangladesh,BGD,2005,480.0858508,144715786.0,37.7166748046875,0.2606258392333984,65.5087
Bangladesh,BGD,2006,490.3880265,146405973.0,41.725807189941406,0.2850007116794586,66.0479
Bangladesh,BGD,2007,537.9554928,147989278.0,42.67510223388672,0.2883661687374115,66.4578
Bangladesh,BGD,2008,613.062041,149474264.0,45.34149169921875,0.3033397793769836,67.0471
Bangladesh,BGD,2009,679.2114774,150873714.0,49.18837738037109,0.3260234892368316,67.5269
Bangladesh,BGD,2010,757.3852804,152201981.0,54.0355224609375,0.3550251126289367,68.0091
Bangladesh,BGD,2011,837.3369447,153591076.0,55.59271240234375,0.3619527518749237,68.4988
Bangladesh,BGD,2012,859.6805364,155070101.0,59.703861236572266,0.3850120306015014,68.9894
Bangladesh,BGD,2013,958.2629898,156532141.0,64.7627944946289,0.4137348234653473,69.4874
Bangladesh,BGD,2014,1094.461997,157964929.0,67.55188751220703,0.4276385009288788,70.0162
Bangladesh,BGD,2015,1224.386477,159383179.0,76.94612884521484,0.4827744662761688,70.5429
Bangladesh,BGD,2016,1649.283809,160811932.0,81.76116180419922,0.5084272027015686,71.0752
Bangladesh,BGD,2017,1811.082217,162186147.0,86.53086853027344,0.5335281491279602,71.6056
Bangladesh,BGD,2018,1965.243727,163523103.0,86.60810852050781,0.5296383500099182,72.1217
Bangladesh,BGD,2019,2129.79897,164913055.0,94.80768585205078,0.5748949646949768,72.6254
Bangladesh,BGD,2020,2248.850788,166298024.0,95.72908782958984,0.57564777135849,71.4211
Bangladesh,BGD,2021,2482.849178,167658854.0,98.53028106689452,0.5876831412315369,71.1035
Bangladesh,BGD,2022,2716.485928,169384897.0,102.14740753173828,0.603049099445343,74.2647
Bangladesh,BGD,2023,2551.017738,171466990.0,104.52667236328124,0.6096023321151733,74.6723
Brazil,BRA,1990,2619.801411,149143223.0,218.65768432617188,1.4660919904708862,65.8624
Brazil,BRA,1991,2258.10454,151724256.0,229.39358520507807,1.511911153793335,66.203
Brazil,BRA,1992,2127.29083,154275079.0,233.60086059570312,1.5141841173171997,66.5393
Brazil,BRA,1993,2348.906354,156794577.0,244.3055419921875,1.5581248998641968,66.8923
Brazil,BRA,1994,3298.714919,159265006.0,254.00225830078125,1.5948402881622314,67.2934
Brazil,BRA,1995,4756.750136,161735073.0,268.6775207519531,1.6612199544906616,67.7006
Brazil,BRA,1996,5179.13052,164202549.0,289.3109130859375,1.761914849281311,68.1084
Brazil,BRA,1997,5299.397942,166661659.0,306.9490661621094,1.841749668121338,68.505
Brazil,BRA,1998,5105.892462,169159655.0,317.35943603515625,1.876094102859497,68.8482
Brazil,BRA,1999,3493.57192,171641543.0,327.2556457519531,1.906622648239136,69.2111
Brazil,BRA,2000,3766.547863,174018282.0,340.18280029296875,1.9548683166503904,69.5842
Brazil,BRA,2001,3176.289751,176301203.0,346.1657409667969,1.9634904861450195,69.98
Brazil,BRA,2002,2855.940171,178503484.0,347.76495361328125,1.948225021362305,70.3958
Brazil,BRA,2003,3090.606891,180622688.0,344.6449279785156,1.9080932140350344,70.8841
Brazil,BRA,2004,3663.822625,182675143.0,361.43402099609375,1.978561520576477,71.3611
Brazil,BRA,2005,4827.781659,184688101.0,364.37054443359375,1.9728968143463133,71.8319
Brazil,BRA,2006,5934.145619,186653106.0,368.8709411621094,1.9762380123138428,72.2963
Brazil,BRA,2007,7409.690038,188552320.0,390.5734252929688,2.0714328289031982,72.7297
Brazil,BRA,2008,8908.333385,190367302.0,412.6378479003906,2.167587995529175,73.1109
Brazil,BRA,2009,8678.658473,192079951.0,389.77532958984375,2.0292346477508545,73.4569
Brazil,BRA,2010,11403.284,193701929.0,440.26904296875,2.2729203701019287,73.779
Brazil,BRA,2011,13396.62632,195284734.0,461.9113159179688,2.3653223514556885,74.0473
Brazil,BRA,2012,12521.72385,196876111.0,497.46820068359375,2.526808261871338,74.3346
Brazil,BRA,2013,12458.89034,198478299.0,531.56884765625,2.6782214641571045,74.6093
Brazil,BRA,2014,12274.99416,200085127.0,556.5255126953125,2.7814435958862305,74.8225
Brazil,BRA,2015,8936.195589,201675532.0,528.1735229492188,2.618927240371704,75.1064
Brazil,BRA,2016,8836.28546,203218114.0,491.7448425292969,2.419788360595703,75.0805
Brazil,BRA,2017,10080.50787,204703445.0,497.2545471191406,2.4291460514068604,75.3835
Brazil,BRA,2018,9300.660729,206107261.0,476.6005554199219,2.3123908042907715,75.6335
Brazil,BRA,2019,9029.833044,207455459.0,476.7237548828125,2.297957181930542,75.8093
Brazil,BRA,2020,7074.194075,208660842.0,447.9993896484375,2.147021770477295,74.5058
Brazil,BRA,2021,7972.536961,209550294.0,496.5619812011719,2.3696553707122803,73.0377
Brazil,BRA,2022,9281.332821,210306415.0,480.0582885742188,2.282661199569702,74.8719
Brazil,BRA,2023,10377.58977,211140729.0,483.991943359375,2.292271852493286,75.8482
Canada,CAN,1990,21525.86114,27691138.0,458.0178527832031,16.481725692749023,77.4333
Canada,CAN,1991,21846.79305,28037420.0,449.7764587402344,15.97378921508789,77.5939
Canada,CAN,1992,20950.33053,28371264.0,463.3927612304688,16.259357452392578,77.8525
Canada,CAN,1993,20186.79888,28684764.0,464.0715942382813,16.096473693847656,77.7251
Canada,CAN,1994,19997.62374,29000663.0,478.4678649902344,16.41546630859375,77.9007
Canada,CAN,1995,20679.63479,29302311.0,491.3053283691406,16.677518844604492,78.0206
Canada,CAN,1996,21296.97235,29610218.0,507.7752075195313,17.05820655822754,78.272
Canada,CAN,1997,21901.56285,29905948.0,522.0186767578125,17.366418838500977,78.4649
Canada,CAN,1998,21024.58507,30155173.0,529.6148071289062,17.46176528930664,78.6741
Canada,CAN,1999,22315.24667,30401286.0,543.8594970703125,17.773502349853516,78.8851
Canada,CAN,2000,24271.00206,30685730.0,566.6798706054688,18.34402275085449,79.233
Canada,CAN,2001,23822.09621,31020855.0,558.9805908203125,17.90825080871582,79.4494
Canada,CAN,2002,24256.01923,31359199.0,564.2561645507812,17.892684936523438,79.5658
Canada,CAN,2003,28301.86459,31642461.0,581.1903686523438,18.255483627319336,79.7363
Canada,CAN,2004,32145.54126,31938807.0,576.286376953125,17.934589385986328,80.029
Canada,CAN,2005,36383.66001,32242732.0,570.3961181640625,17.583017349243164,80.131
Canada,CAN,2006,40504.0371,32571193.0,566.3153686523438,17.2872314453125,80.5398
Canada,CAN,2007,44660.08389,32888886.0,589.9562377929688,17.827667236328125,80.5422
Canada,CAN,2008,46710.25269,33247298.0,574.21435546875,17.16681671142578,80.7304
Canada,CAN,2009,40874.88319,33630069.0,541.1298828125,15.997278213500977,81.0648
Canada,CAN,2010,47560.6666,34005902.0,554.3074340820312,16.20928955078125,81.3363
Canada,CAN,2011,52223.85884,34339221.0,562.8324584960938,16.287805557250977,81.5133
Canada,CAN,2012,52670.34473,34713395.0,561.76953125,16.086172103881836,81.7037
Canada,CAN,2013,52638.11872,35080992.0,568.5897216796875,16.11035919189453,81.7852
Canada,CAN,2014,50960.84312,35434066.0,564.938232421875,15.853792190551758,81.8373
Canada,CAN,2015,43594.1941,35704498.0,563.0025634765625,15.65538215637207,81.9084
Canada,CAN,2016,42314.06158,36110803.0,553.70703125,15.231253623962402,82.0301
Canada,CAN,2017,45129.62812,36545075.0,566.6602783203125,15.394822120666504,81.9195
Canada,CAN,2018,46539.17616,37072620.0,575.0907592773438,15.420051574707031,81.9247
Canada,CAN,2019,46352.86934,37618495.0,579.0070190429688,15.324564933776855,82.2848
Canada,CAN,2020,43537.8393,38028638.0,524.2079467773438,13.732821464538574,81.6536
Canada,CAN,2021,52886.66164,38239864.0,537.4786376953125,13.977163314819336,81.976
Canada,CAN,2022,56256.80073,38935934.0,547.6576538085938,14.107158660888672,81.2493
Canada,CAN,2023,54220.3285,40083484.0,545.478515625,13.880179405212402,82.6302
Chad,TCD,1990,290.5990453,5982833.0,0.3773919939994812,0.0630790963768959,45.0738
Chad,TCD,1991,302.4872684,6205676.0,0.3883839845657348,0.0625851601362228,46.5959
Chad,TCD,1992,290.6482861,6474656.0,0.4030399918556213,0.0622489154338836,46.7769
Chad,TCD,1993,220.7299649,6629146.0,0.3993760049343109,0.0602454580366611,47.0023
Chad,TCD,1994,173.9288951,6783450.0,0.4157690107822418,0.0612916201353073,47.0796
Chad,TCD,1995,203.9648527,7089064.0,0.4274109899997711,0.0602916069328784,47.4533
Chad,TCD,1996,216.9125411,7410108.0,0.443217009305954,0.0598124973475933,47.5508
Chad,TCD,1997,201.384077,7670366.0,0.4530969858169555,0.0590710677206516,47.7622
Chad,TCD,1998,219.7795309,7938840.0,0.4638389945030212,0.0584265403449535,47.8024
Chad,TCD,1999,186.6385311,8222705.0,0.4735809862613678,0.0575942732393741,47.9336
Chad,TCD,2000,163.1216637,8512093.0,0.4875119924545288,0.0572728775441646,47.937
Chad,TCD,2001,194.3229533,8804124.0,0.50559401512146,0.0574269630014896,48.3056
Chad,TCD,2002,219.061392,9116192.0,0.5312129855155945,0.0582713522017002,48.3596
Chad,TCD,2003,289.0876211,9487833.0,0.8824139833450317,0.0930048301815986,48.6095
Chad,TCD,2004,445.8507672,9920036.0,0.9061949849128724,0.0913499742746353,48.6865
Chad,TCD,2005,838.0921077,10328092.0,0.9293659925460817,0.0899842679500579,48.86
Chad,TCD,2006,906.8972606,10706424.0,0.9572870135307312,0.0894123762845993,48.7467
Chad,TCD,2007,980.4835315,11081660.0,1.088955044746399,0.0982663556933403,49.2102
Chad,TCD,2008,1166.368835,11476296.0,0.8724629878997803,0.0760230273008346,49.5034
Chad,TCD,2009,1035.637197,11893754.0,1.2197099924087524,0.1025504767894744,49.8275
Chad,TCD,2010,1141.800693,12312575.0,1.2360060214996338,0.1003856211900711,50.1067
Chad,TCD,2011,1308.142187,12754997.0,1.2766129970550537,0.1000872254371643,50.4258
Chad,TCD,2012,1354.343447,13210998.0,1.7466109991073608,0.1322087794542312,50.7651
Chad,TCD,2013,1304.88743,13691079.0,2.0821609497070312,0.1520815640687942,51.0508
Chad,TCD,2014,1278.789814,14188678.0,2.1827800273895264,0.1538395434617996,51.1411
Chad,TCD,2015,993.9907306,14647621.0,2.3518741130828857,0.1605634987354278,51.3196
Chad,TCD,2016,861.8317676,15114655.0,2.381582975387573,0.1575678288936615,51.6027
Chad,TCD,2017,854.4612004,15622759.0,2.34076189994812,0.1498302817344665,51.8747
Chad,TCD,2018,948.6566299,16156531.0,2.383510112762451,0.1475260555744171,52.4467
Chad,TCD,2019,893.3364416,16685223.0,2.2997848987579346,0.1378336399793625,52.9927
Chad,TCD,2020,866.9478149,17224679.0,2.3564460277557373,0.1368063241243362,53.0818
Chad,TCD,2021,946.3585002,17828273.0,2.6701419353485107,0.1497700810432434,53.1362
Chad,TCD,2022,966.0364683,18455316.0,2.800400972366333,0.1517395079135894,54.5275
Chad,TCD,2023,949.3334537,19319064.0,2.84839391708374,0.1474394649267196,55.0692
China,CHN,1990,318.5033536,1135185000.0,2483.534423828125,2.1528878211975098,68.1547
China,CHN,1991,334.1302881,1150780000.0,2619.143310546875,2.2370765209198,68.6099
China,CHN,1992,367.8226519,1164970000.0,2731.290283203125,2.3057148456573486,69.0587
China,CHN,1993,378.9393531,1178440000.0,2914.284423828125,2.4340295791625977,69.4924
China,CHN,1994,475.6778744,1191835000.0,3093.890869140625,2.559042930603028,69.8355
China,CHN,1995,612.6802779,1204855000.0,3351.197265625,2.7465813159942627,70.3631
China,CHN,1996,713.3373878,1217550000.0,3499.310546875,2.8427844047546387,70.8225
China,CHN,1997,786.7435485,1230075000.0,3512.349853515625,2.829939365386963,71.2271
China,CHN,1998,835.0953486,1241935000.0,3355.3359375,2.682450771331787,71.6014
China,CHN,1999,881.1466141,1252735000.0,3549.948974609375,2.817024946212769,71.9519
China,CHN,2000,969.1995137,1262645000.0,3643.8095703125,2.8700878620147705,72.2885
China,CHN,2001,1065.405976,1271850000.0,3724.1142578125,2.912364959716797,72.6755
China,CHN,2002,1163.559577,1280400000.0,4098.1806640625,3.1846189498901367,73.0339
China,CHN,2003,1306.972454,1288400000.0,4835.25146484375,3.7351772785186768,73.3853
China,CHN,2004,1530.927262,1296075000.0,5210.96142578125,4.001965999603272,73.7274
China,CHN,2005,1777.644968,1303720000.0,5881.99072265625,4.489976406097412,74.085
China,CHN,2006,2129.25697,1311020000.0,6486.1845703125,4.9210309982299805,74.4037
China,CHN,2007,2734.727099,1317885000.0,6974.6630859375,5.260666370391846,74.7886
China,CHN,2008,3523.443021,1324655000.0,7492.404296875,5.61724853515625,74.8333
China,CHN,2009,3898.244592,1331260000.0,7881.49072265625,5.870657444000244,75.3174
China,CHN,2010,4629.245517,1337705000.0,8610.0478515625,6.3704447746276855,75.6679
China,CHN,2011,5703.76028,1345035000.0,9520.1533203125,6.998823165893555,75.8891
China,CHN,2012,6405.057424,1354190000.0,9767.310546875,7.131917953491211,76.2
China,CHN,2013,7147.035186,1363240000.0,9942.37109375,7.209799289703369,76.4521
China,CHN,2014,7781.065975,1371860000.0,9976.02734375,7.187588214874268,76.7143
China,CHN,2015,8175.332851,1379860000.0,9858.0400390625,7.060954570770264,76.9755
China,CHN,2016,8254.868593,1387790000.0,9748.1748046875,6.94288444519043,77.214
China,CHN,2017,8979.676527,1396215000.0,10000.013671875,7.080383777618408,77.2353
China,CHN,2018,10085.66381,1402760000.0,10346.7900390625,7.291560649871826,77.709
China,CHN,2019,10342.90095,1407745000.0,10713.5146484375,7.526070594787598,77.9396
China,CHN,2020,10627.4638,1411100000.0,10896.5205078125,7.640749931335449,78.0191
China,CHN,2021,12887.43572,1412360000.0,11284.4013671875,7.91089916229248,78.1166
China,CHN,2022,12970.60564,1412175000.0,11711.8076171875,8.21777629852295,78.2021
China,CHN,2023,12951.17824,1410710000.0,12172.0087890625,8.55626106262207,77.9529
Egypt,EGY,1990,735.982935,58396618.0,72.88369750976562,1.2480806112289429,62.5132
Egypt,EGY,1991,622.829605,60028997.0,74.44676208496094,1.2401798963546753,63.0594
Egypt,EGY,1992,680.7992386,61480660.0,77.41934967041016,1.2592471837997437,63.5852
Egypt,EGY,1993,740.3342174,62915681.0,90.83472442626952,1.443753361701965,64.1471
Egypt,EGY,1994,807.3035372,64285589.0,87.48298645019531,1.360848903656006,64.6632
Egypt,EGY,1995,916.3266177,65652622.0,97.96823120117188,1.4922212362289429,65.2143
Egypt,EGY,1996,1008.976376,67028048.0,97.0423355102539,1.4477870464324951,65.7334
Egypt,EGY,1997,1146.201721,68431740.0,110.93408203125,1.62109112739563,66.2066
Egypt,EGY,1998,1212.822598,69943294.0,124.25627899169922,1.7765288352966309,66.6355
Egypt,EGY,1999,1268.309492,71520954.0,126.98719787597656,1.7755244970321655,67.0104
Egypt,EGY,2000,1366.092744,73083284.0,142.83685302734375,1.9544392824172971,67.3323
Egypt,EGY,2001,1295.137418,74652029.0,126.3720474243164,1.6928144693374634,67.6118
Egypt,EGY,2002,1116.828846,76239137.0,128.3618927001953,1.683674454689026,67.8456
Egypt,EGY,2003,1031.275563,77853548.0,149.95399475097656,1.926103591918945,68.0451
Egypt,EGY,2004,991.2556891,79477443.0,151.91708374023438,1.911449193954468,68.211
Egypt,EGY,2005,1105.539207,81101004.0,166.93389892578125,2.0583455562591557,68.3552
Egypt,EGY,2006,1298.979002,82700403.0,178.3892822265625,2.1570544242858887,68.4929
Egypt,EGY,2007,1547.741707,84276225.0,189.20114135742188,2.245012044906616,68.6266
Egypt,EGY,2008,1896.215943,85864789.0,195.8597717285156,2.2810254096984863,68.7613
Egypt,EGY,2009,2161.639646,87501636.0,205.24285888671875,2.3455889225006104,68.915
Egypt,EGY,2010,2455.081946,89196072.0,202.7042388916016,2.272569179534912,69.0782
Egypt,EGY,2011,2590.643849,91093059.0,221.675048828125,2.4335007667541504,69.2322
Egypt,EGY,2012,2996.067707,93161001.0,212.5244598388672,2.2812600135803223,69.4643
Egypt,EGY,2013,3025.525636,95333553.0,219.0865631103516,2.298105478286743,69.6317
Egypt,EGY,2014,3133.391023,97528654.0,227.25408935546875,2.3301265239715576,69.9112
Egypt,EGY,2015,3306.981594,99597342.0,226.65396118164065,2.275703191757202,70.1346
Egypt,EGY,2016,3270.628777,101644589.0,245.16358947753903,2.411968946456909,70.4367
Egypt,EGY,2017,2395.103333,103696057.0,253.3638916015625,2.4433319568634038,70.7086
Egypt,EGY,2018,2484.703156,105682094.0,241.90318298339844,2.288970470428467,70.9741
Egypt,EGY,2019,2962.98892,107553158.0,234.06016540527344,2.176227569580078,71.2128
Egypt,EGY,2020,3511.11381,109315124.0,246.3232879638672,2.2533323764801025,69.7897
Egypt,EGY,2021,3827.354154,110957008.0,266.8389892578125,2.404886484146118,68.9759
Egypt,EGY,2022,4233.307837,112618250.0,249.89866638183597,2.218989133834839,71.0097
Egypt,EGY,2023,3456.789685,114535772.0,250.23019409179688,2.184733867645264,71.6335
Ethiopia,ETH,1990,262.1089711,47609755.0,2.986506938934326,0.0627288818359375,45.1166
Ethiopia,ETH,1991,277.5659104,49717198.0,2.9584720134735107,0.0595060028135776,46.6565
Ethiopia,ETH,1992,207.4064009,51853747.0,2.936737060546875,0.0566349923610687,47.2788
Ethiopia,ETH,1993,168.5204014,53708891.0,2.9936230182647705,0.0557379387319088,47.6757
Ethiopia,ETH,1994,127.6859235,55611508.0,2.1972010135650635,0.0395098216831684,47.9256
Ethiopia,ETH,1995,136.5236191,57537335.0,2.505953073501587,0.0435535088181495,48.1562
Ethiopia,ETH,1996,147.3274589,59467635.0,2.794188976287842,0.0469867140054702,48.6974
Ethiopia,ETH,1997,143.3695315,61404539.0,2.9801580905914307,0.0485331863164901,49.21
Ethiopia,ETH,1998,126.4650958,63363524.0,3.1474220752716064,0.049672458320856,49.7854
Ethiopia,ETH,1999,120.7346315,65374561.0,3.094275951385498,0.0473315007984638,49.4857
Ethiopia,ETH,2000,122.2692026,67411494.0,3.462855100631714,0.0513689070940017,50.8802
Ethiopia,ETH,2001,118.4572043,69487762.0,4.264585971832275,0.0613717511296272,51.4276
Ethiopia,ETH,2002,109.5938136,71635517.0,4.431686878204346,0.0618643797934055,52.0851
Ethiopia,ETH,2003,116.8004911,73832663.0,4.870232105255127,0.0659631118178367,52.8773
Ethiopia,ETH,2004,133.1698125,76077206.0,5.158551216125488,0.0678067803382873,53.7349
Ethiopia,ETH,2005,158.2434581,78367470.0,4.95612907409668,0.0632421672344207,54.364
Ethiopia,ETH,2006,189.3457375,80703490.0,5.318177223205566,0.0658977255225181,55.4017
Ethiopia,ETH,2007,237.146256,83103217.0,5.839595794677734,0.07026918977499,56.5665
Ethiopia,ETH,2008,316.4104751,85543668.0,6.417596817016602,0.0750212967395782,57.7325
Ethiopia,ETH,2009,368.5747123,88007636.0,6.453444957733154,0.0733282342553138,58.715
Ethiopia,ETH,2010,330.6194128,90538514.0,6.344199180603027,0.0700718238949775,59.7094
Ethiopia,ETH,2011,343.0249424,93149970.0,7.3548479080200195,0.0789570584893226,60.5947
Ethiopia,ETH,2012,452.1010319,95798767.0,7.988424777984619,0.083387553691864,61.4426
Ethiopia,ETH,2013,484.0398331,98438751.0,9.7437105178833,0.0989824682474136,62.1613
Ethiopia,ETH,2014,549.9865771,101115610.0,11.543205261230469,0.1141584813594818,62.9272
Ethiopia,ETH,2015,597.9121132,103867135.0,12.563613891601562,0.1209585070610046,63.592
Ethiopia,ETH,2016,641.6515233,106718162.0,14.323219299316406,0.1342153847217559,64.1624
Ethiopia,ETH,2017,696.3484291,109666481.0,14.602656364440918,0.1331551373004913,64.7659
Ethiopia,ETH,2018,739.7020223,112664152.0,16.117197036743164,0.1430552303791046,65.2573
Ethiopia,ETH,2019,793.4732472,115737383.0,17.177141189575195,0.1484148055315017,65.7413
Ethiopia,ETH,2020,829.7909825,118917671.0,16.735015869140625,0.1407277435064315,65.9688
Ethiopia,ETH,2021,893.0098354,122138588.0,17.905590057373047,0.146600604057312,65.3299
Ethiopia,ETH,2022,982.1031615,125384287.0,16.959747314453125,0.1352621465921402,66.8971
Ethiopia,ETH,2023,1055.810916,128691692.0,17.570661544799805,0.1365329921245575,67.315
Germany,DEU,1990,22385.67783,79433029.0,1054.7958984375,13.233256340026855,75.3414
Germany,DEU,1991,23443.33508,80013896.0,1016.9295043945312,12.663625717163086,75.5597
Germany,DEU,1992,26559.85439,80624598.0,969.4644165039062,11.978323936462402,76.0035
Germany,DEU,1993,25616.65088,81156363.0,959.3858642578124,11.773516654968262,76.0803
Germany,DEU,1994,27201.95936,81438348.0,943.2276611328124,11.534621238708496,76.3799
Germany,DEU,1995,31747.24494,81678051.0,939.93359375,11.459824562072754,76.5515
Germany,DEU,1996,30599.7891,81914831.0,959.6901245117188,11.666092872619627,76.7833
Germany,DEU,1997,27046.95655,82034771.0,931.5081176757812,11.306132316589355,77.2182
Germany,DEU,1998,27395.94406,82047195.0,923.4986572265624,11.260540008544922,77.5759
Germany,DEU,1999,26965.49228,82100243.0,895.4420166015625,10.963037490844728,77.7977
Germany,DEU,2000,23925.85599,82211508.0,898.9757690429688,10.9902925491333,78.0563
Germany,DEU,2001,23878.36415,82349925.0,915.2547607421876,11.170650482177734,78.4023
Germany,DEU,2002,25486.5942,82488495.0,898.8342895507812,10.95226764678955,78.4749
Germany,DEU,2003,30711.10225,82534176.0,894.5010986328125,10.893721580505373,78.5361
Germany,DEU,2004,34566.73591,82516260.0,876.56982421875,10.677803993225098,79.1186
Germany,DEU,2005,35084.43635,82469422.0,867.8804931640625,10.577879905700684,79.254
Germany,DEU,2006,36980.33499,82376451.0,886.434326171875,10.849607467651367,79.5862
Germany,DEU,2007,42350.92172,82266372.0,846.1529541015625,10.407971382141112,79.7306
Germany,DEU,2008,46379.1648,82110097.0,856.6425170898438,10.561388969421388,79.8161
Germany,DEU,2009,42471.88686,81902307.0,789.9839477539062,9.760687828063965,79.9151
Germany,DEU,2010,42396.9666,81776930.0,826.7047119140625,10.227580070495604,80.0814
Germany,DEU,2011,47630.97619,80274983.0,804.5415649414062,9.95007038116455,80.3549
Germany,DEU,2012,44718.01592,80425823.0,814.093017578125,10.06091594696045,80.5017
Germany,DEU,2013,47206.83535,80645605.0,831.7455444335938,10.263195037841797,80.454
Germany,DEU,2014,48959.59912,80982500.0,792.5836181640625,9.739761352539062,80.9056
Germany,DEU,2015,41929.75491,81686611.0,800.822509765625,9.756901741027832,80.5658
Germany,DEU,2016,42948.93819,82348669.0,797.98828125,9.642186164855955,80.8371
Germany,DEU,2017,45553.93415,82657002.0,784.5951538085938,9.441122055053713,80.9371
Germany,DEU,2018,48916.16866,82905782.0,758.7713623046875,9.101414680480955,80.8747
Germany,DEU,2019,47656.19974,83092962.0,708.6489868164062,8.480802536010742,81.1893
Germany,DEU,2020,47394.87345,83160871.0,647.1768188476562,7.738691806793213,81.0036
Germany,DEU,2021,52349.246,83196078.0,677.9976806640625,8.100613594055176,81.1059
Germany,DEU,2022,50506.51796,83177813.0,667.843017578125,7.94235897064209,80.5796
Germany,DEU,2023,54776.76682,83287273.0,593.7659912109375,7.022808074951172,81.3777
India,IND,1990,371.0859362,864972221.0,577.986572265625,0.6682140231132507,58.6184
India,IND,1991,305.5740559,883927600.0,615.38818359375,0.6961974501609802,59.0324
India,IND,1992,319.1824726,902957070.0,655.4235229492188,0.7258634567260742,59.445
India,IND,1993,302.8848062,922118387.0,677.2620849609375,0.7344632744789124,59.823
India,IND,1994,347.7342147,941163767.0,714.0427856445312,0.7586807012557983,60.2372
India,IND,1995,375.1760054,960301044.0,760.4801635742188,0.7919185161590576,60.6295
India,IND,1996,401.0467547,979678458.0,823.6021728515625,0.8406862020492554,61.0269
India,IND,1997,416.2281162,999133762.0,857.9757690429688,0.8587195873260498,61.4393
India,IND,1998,413.6308641,1018665080.0,875.7833862304688,0.8597363233566284,61.8525
India,IND,1999,441.9279914,1038225823.0,961.19384765625,0.9258042573928832,62.2837
India,IND,2000,442.7502189,1057922733.0,987.0650634765624,0.9330219030380248,62.7492
India,IND,2001,450.3579005,1077898575.0,1001.1984252929688,0.928842842578888,63.1581
India,IND,2002,469.149929,1097600380.0,1032.7503662109375,0.9409165382385254,63.6486
India,IND,2003,544.1431335,1116803006.0,1068.39794921875,0.9566574692726136,64.0862
India,IND,2004,624.2588265,1135991513.0,1134.6109619140625,0.9987847208976746,64.4843
India,IND,2005,710.4880804,1154676322.0,1195.393310546875,1.0352627038955688,64.9385
India,IND,2006,801.6683537,1172878890.0,1293.3214111328125,1.1026897430419922,65.3726
India,IND,2007,1021.887077,1190676021.0,1393.4852294921875,1.1703311204910278,65.8034
India,IND,2008,992.5195849,1207930964.0,1490.366455078125,1.2338175773620603,66.2471
India,IND,2009,1094.949746,1225524753.0,1613.32763671875,1.3164381980895996,66.7001
India,IND,2010,1347.519391,1243481564.0,1678.529541015625,1.349862813949585,67.1616
India,IND,2011,1445.461275,1261224954.0,1765.69482421875,1.3999841213226318,67.6228
India,IND,2012,1429.321995,1278674502.0,1926.986328125,1.5070186853408811,68.0763
India,IND,2013,1432.843975,1295829511.0,1995.337158203125,1.539814591407776,68.499
India,IND,2014,1553.883961,1312277191.0,2148.052001953125,1.636888861656189,68.9323
India,IND,2015,1583.998159,1328024498.0,2231.8173828125,1.6805543899536133,69.326
India,IND,2016,1707.508929,1343944296.0,2352.5400390625,1.750474452972412,69.7091
India,IND,2017,1950.104683,1359657400.0,2425.721923828125,1.7840684652328491,70.0676
India,IND,2018,1966.254552,1374659064.0,2595.22705078125,1.8879060745239256,70.4152
India,IND,2019,2041.428637,1389030312.0,2611.174560546875,1.8798543214797971,70.7463
India,IND,2020,1907.042516,1402617695.0,2422.73193359375,1.7272932529449463,70.1563
India,IND,2021,2239.613844,1414203896.0,2675.778076171875,1.8920737504959104,67.2823
India,IND,2022,2347.448294,1425423212.0,2831.131591796875,1.9861692190170288,71.6984
India,IND,2023,2530.120313,1438069596.0,3062.75634765625,2.129769325256348,72.0026
Indonesia,IDN,1990,578.4201211,183501098.0,154.99069213867188,0.8446308374404907,63.2486
Indonesia,IDN,1991,624.3874954,186778238.0,174.7542266845703,0.9356241226196288,63.7031
Indonesia,IDN,1992,673.6710395,190043744.0,199.2980194091797,1.04869544506073,64.1821
Indonesia,IDN,1993,817.3951164,193305168.0,214.9628448486328,1.1120388507843018,64.8509
Indonesia,IDN,1994,899.7939829,196591828.0,219.199951171875,1.1150003671646118,65.0413
Indonesia,IDN,1995,1011.226142,199888057.0,222.2252960205078,1.1117486953735352,65.2633
Indonesia,IDN,1996,1118.92133,203204348.0,252.85574340820312,1.2443422079086304,65.4648
Indonesia,IDN,1997,1044.606748,206536095.0,279.69561767578125,1.3542214632034302,65.7737
Indonesia,IDN,1998,454.8778008,209826788.0,244.31532287597656,1.1643667221069336,65.9416
Indonesia,IDN,1999,657.2689347,213004668.0,291.7706604003906,1.3697853088378906,66.0015
Indonesia,IDN,2000,763.711125,216077790.0,281.054443359375,1.3007094860076904,66.2919
Indonesia,IDN,2001,732.3070934,219097902.0,316.7593688964844,1.445743441581726,66.5826
Indonesia,IDN,2002,881.0029136,222088495.0,308.2013244628906,1.387740969657898,66.9535
Indonesia,IDN,2003,1043.210584,225048008.0,339.0238952636719,1.5064514875411987,67.134
Indonesia,IDN,2004,1126.840044,227926649.0,342.7086181640625,1.5035916566848757,65.5208
Indonesia,IDN,2005,1238.214476,230871650.0,347.3612670898437,1.5045645236968994,67.5308
Indonesia,IDN,2006,1558.315628,233951652.0,346.3657531738281,1.480501413345337,67.6636
Indonesia,IDN,2007,1823.219763,237062337.0,387.5772399902344,1.6349170207977295,67.9141
Indonesia,IDN,2008,2124.554839,240157903.0,365.384033203125,1.5214325189590454,68.0846
Indonesia,IDN,2009,2218.485419,243220028.0,398.6244201660156,1.638945698738098,68.2674
Indonesia,IDN,2010,3065.683484,246305322.0,445.3700866699219,1.808203220367432,68.3642
Indonesia,IDN,2011,3579.464425,249470032.0,500.4576721191406,2.0060832500457764,68.629
Indonesia,IDN,2012,3632.27254,252698525.0,515.7695922851562,2.0410470962524414,68.8617
Indonesia,IDN,2013,3566.602845,255852467.0,493.4351196289063,1.9285924434661863,69.0635
Indonesia,IDN,2014,3441.068085,258877399.0,498.02880859375,1.9238017797470093,69.292
Indonesia,IDN,2015,3288.222697,261799249.0,551.1600341796875,2.1052775382995605,69.5196
Indonesia,IDN,2016,3521.469435,264627418.0,547.9688720703125,2.07071852684021,69.7333
Indonesia,IDN,2017,3798.883262,267346658.0,570.9281616210938,2.13553524017334,69.9533
Indonesia,IDN,2018,3860.953531,269951846.0,607.3783569335938,2.249950885772705,70.0797
Indonesia,IDN,2019,4106.948562,272489381.0,665.04931640625,2.440643072128296,70.3491
Indonesia,IDN,2020,3853.702888,274814866.0,623.3040161132812,2.2680869102478027,68.8173
Indonesia,IDN,2021,4287.17314,276758053.0,632.946044921875,2.287001371383667,67.4516
Indonesia,IDN,2022,4730.834848,278830529.0,758.0205078125,2.718570709228516,70.9246
Indonesia,IDN,2023,4876.307745,281190067.0,762.3575439453125,2.7111823558807373,71.1457
Japan,JPN,1990,25801.39504,123478000.0,1154.853271484375,9.358633995056152,78.9928
Japan,JPN,1991,29428.4289,123964000.0,1166.552490234375,9.416044235229492,79.262
Japan,JPN,1992,31992.79021,124425000.0,1175.454345703125,9.450227737426758,79.303
Japan,JPN,1993,36345.24413,124829000.0,1169.3280029296875,9.366616249084473,79.4461
Japan,JPN,1994,39933.51506,125178000.0,1223.1583251953125,9.762861251831056,79.8366
Japan,JPN,1995,44197.6191,125472000.0,1235.8731689453125,9.834065437316896,79.6837
Japan,JPN,1996,39150.03963,125757000.0,1248.6900634765625,9.91218090057373,80.3627
Japan,JPN,1997,35638.23196,126057000.0,1240.9803466796875,9.828307151794434,80.5836
Japan,JPN,1998,32423.75561,126400000.0,1201.3343505859375,9.493023872375488,80.6487
Japan,JPN,1999,36610.16832,126631000.0,1238.1209716796875,9.764240264892578,80.6129
Japan,JPN,2000,39169.35957,126843000.0,1260.2030029296875,9.920686721801758,81.1788
Japan,JPN,2001,34406.18246,127149000.0,1245.9351806640625,9.79045867919922,81.5101
Japan,JPN,2002,32820.79364,127445000.0,1275.4202880859375,10.004505157470703,81.7952
Japan,JPN,2003,35387.03742,127718000.0,1283.844970703125,10.055865287780762,81.854
Japan,JPN,2004,38298.98017,127761000.0,1279.12158203125,10.007540702819824,82.1275
Japan,JPN,2005,37812.89502,127773000.0,1286.4122314453125,10.05690574645996,82.0073
Japan,JPN,2006,35991.546,127854000.0,1263.4404296875,9.870840072631836,82.3699
Japan,JPN,2007,35779.02454,128001000.0,1298.9735107421875,10.141283988952637,82.5488
Japan,JPN,2008,39876.30397,128063000.0,1228.686767578125,9.587430953979492,82.6332
Japan,JPN,2009,41308.99684,128047000.0,1160.2528076171875,9.050865173339844,82.9699
Japan,JPN,2010,44968.15623,128070000.0,1211.09033203125,9.447967529296877,82.916
Japan,JPN,2011,48760.07895,127833000.0,1261.1805419921875,9.845555305480955,82.6705
Japan,JPN,2012,49145.28043,127629000.0,1302.112548828125,10.178457260131836,83.1676
Japan,JPN,2013,40898.6479,127445000.0,1311.8756103515625,10.271203994750977,83.4018
Japan,JPN,2014,38475.39525,127276000.0,1260.2723388671875,9.885528564453123,83.6434
Japan,JPN,2015,34960.63938,127141000.0,1219.982421875,9.585339546203612,83.8832
Japan,JPN,2016,39375.47316,127076000.0,1199.9329833984375,9.436406135559082,84.0568
Japan,JPN,2017,38834.05293,126972000.0,1184.3917236328125,9.321170806884766,84.1891
Japan,JPN,2018,39751.1331,126811000.0,1138.5498046875,8.971074104309082,84.289
Japan,JPN,2019,40415.95676,126633000.0,1102.06298828125,8.698247909545898,84.4177
Japan,JPN,2020,40028.73417,126261000.0,1037.28466796875,8.212569236755371,84.6703
Japan,JPN,2021,40094.55998,125681593.0,1058.5018310546875,8.422242164611816,84.55
Japan,JPN,2022,34065.6439,125124989.0,1029.6448974609375,8.237318992614746,84.0541
Japan,JPN,2023,33836.17563,124516650.0,986.91015625,7.935214519500732,84.7123
Mexico,MEX,1990,3154.469203,82820170.0,316.74578857421875,3.824500560760498,69.0342
Mexico,MEX,1991,3708.842055,84430572.0,329.8310241699219,3.906535863876343,69.3683
Mexico,MEX,1992,4220.566437,86044809.0,332.4533996582031,3.8637242317199703,69.6633
Mexico,MEX,1993,6048.348404,87653807.0,337.721923828125,3.852905988693237,69.9607
Mexico,MEX,1994,6202.365884,89259205.0,351.5339050292969,3.93834924697876,70.3017
Mexico,MEX,1995,4183.878477,90862455.0,330.9053039550781,3.641826868057251,70.703
Mexico,MEX,1996,4674.367927,92452702.0,341.5437316894531,3.694253921508789,71.0876
Mexico,MEX,1997,5567.355995,94021207.0,362.46588134765625,3.8551504611968994,71.4723
Mexico,MEX,1998,5832.69342,95575245.0,381.1017761230469,3.987452983856201,71.7924
Mexico,MEX,1999,6499.97183,97115707.0,386.0363464355469,3.9750144481658936,72.2034
Mexico,MEX,2000,7524.027138,98625552.0,391.4352722167969,3.968903064727783,72.5621
Mexico,MEX,2001,7952.764795,100099099.0,407.4846801757813,4.070812702178955,72.9118
Mexico,MEX,2002,7983.033984,101548624.0,410.3010559082031,4.040439128875732,73.1056
Mexico,MEX,2003,7434.074649,102978515.0,435.96868896484375,4.233588695526123,73.308
Mexico,MEX,2004,7849.667596,104394131.0,438.5884399414063,4.201274871826172,73.4324
Mexico,MEX,2005,8671.758919,105811504.0,463.4355163574219,4.37982177734375,73.6267
Mexico,MEX,2006,9512.635753,107253666.0,474.5225524902344,4.424301624298096,73.7457
Mexico,MEX,2007,10134.33271,108774360.0,473.5952453613281,4.353923797607422,73.7955
Mexico,MEX,2008,10523.76854,110374288.0,472.9812927246094,4.285248756408691,73.6949
Mexico,MEX,2009,8423.569332,111999721.0,460.2901611328125,4.109744071960449,73.6281
Mexico,MEX,2010,9728.800784,113623895.0,456.4089660644531,4.016839504241943,73.7181
Mexico,MEX,2011,10664.4944,115243504.0,483.3016052246094,4.193742752075195,73.9209
Mexico,MEX,2012,10744.13352,116818208.0,501.4922790527344,4.292929172515869,74.1278
Mexico,MEX,2013,11216.80085,118343573.0,495.41156005859375,4.186214447021484,74.289
Mexico,MEX,2014,11391.37735,119784261.0,484.0445251464844,4.040968894958496,74.4044
Mexico,MEX,2015,10021.23861,121072306.0,479.4337158203125,3.959895849227905,74.4315
Mexico,MEX,2016,9097.923977,122251351.0,478.8277282714844,3.916748285293579,74.3763
Mexico,MEX,2017,9649.278168,123400057.0,464.4066162109375,3.763423204421997,74.2609
Mexico,MEX,2018,10084.79376,124573711.0,468.4205932617188,3.760188102722168,74.3009
Mexico,MEX,2019,10369.55536,125762982.0,468.23583984375,3.723161220550537,74.5302
Mexico,MEX,2020,8841.27075,126799054.0,428.9368286132813,3.382807970046997,70.4492
Mexico,MEX,2021,10314.05067,127648148.0,446.8375549316406,3.500540971755981,69.7499
Mexico,MEX,2022,11405.79405,128613117.0,453.7991027832031,3.528404474258423,73.9731
Mexico,MEX,2023,13860.95978,129739759.0,458.25384521484375,3.5321004390716557,75.069
Mozambique,MOZ,1990,,13094537.0,1.0253759622573853,0.0783056393265724,44.3369
Mozambique,MOZ,1991,288.7080925,13352090.0,0.9414640069007874,0.0705106034874916,44.7046
Mozambique,MOZ,1992,205.5852161,13613316.0,1.0272059440612793,0.0754559785127639,45.0953
Mozambique,MOZ,1993,205.1898442,14051192.0,1.1403260231018066,0.0811550468206405,45.6746
Mozambique,MOZ,1994,196.7631432,15033853.0,1.0980340242385864,0.0730374380946159,46.0858
Mozambique,MOZ,1995,191.8260969,15960530.0,1.130972981452942,0.0708606168627739,46.5463
Mozambique,MOZ,1996,244.362651,16492480.0,1.091814041137695,0.066200703382492,47.1208
Mozambique,MOZ,1997,287.5320915,16949982.0,1.1702369451522827,0.0690405815839767,47.7996
Mozambique,MOZ,1998,320.1251217,17340464.0,1.111894965171814,0.0641214102506637,48.2121
Mozambique,MOZ,1999,354.4062457,17734506.0,1.1683429479599,0.0658796727657318,48.8374
Mozambique,MOZ,2000,327.1262398,18129653.0,1.3219449520111084,0.072916179895401,49.4762
Mozambique,MOZ,2001,304.7921386,18537729.0,1.5539939403533936,0.0838286876678466,50.2593
Mozambique,MOZ,2002,313.8866617,18958338.0,1.5370570421218872,0.0810755118727684,50.8793
Mozambique,MOZ,2003,339.4887378,19392475.0,1.855517029762268,0.0956823080778122,51.3831
Mozambique,MOZ,2004,400.0569732,19840313.0,1.8639730215072632,0.0939487740397453,51.8551
Mozambique,MOZ,2005,436.7738562,20304569.0,1.7696980237960815,0.087157592177391,52.3225
Mozambique,MOZ,2006,457.4876478,20787087.0,1.9156219959259035,0.0921544209122657,52.7476
Mozambique,MOZ,2007,507.8749239,21287635.0,2.1889429092407227,0.1028269529342651,53.2554
Mozambique,MOZ,2008,592.1591112,21819036.0,2.17985200881958,0.0999059677124023,53.7989
Mozambique,MOZ,2009,547.6971442,22391745.0,2.439006090164185,0.1089243069291114,54.3999
Mozambique,MOZ,2010,496.1858394,22999235.0,2.6376349925994877,0.1146836057305336,55.0397
Mozambique,MOZ,2011,618.1764929,23649039.0,3.106627941131592,0.1313637793064117,55.7334
Mozambique,MOZ,2012,685.6857482,24337846.0,3.0517420768737797,0.1253907829523086,56.4604
Mozambique,MOZ,2013,686.5056725,25051611.0,3.5786640644073486,0.142851635813713,57.1889
Mozambique,MOZ,2014,697.1426804,25788475.0,8.118426322937012,0.3148083388805389,57.965
Mozambique,MOZ,2015,610.5637747,26547572.0,6.730548858642578,0.253527820110321,58.711
Mozambique,MOZ,2016,441.4897348,27337105.0,8.547748565673828,0.3126793503761291,59.455
Mozambique,MOZ,2017,470.9385631,28166393.0,6.905362129211426,0.2451631277799606,60.1484
Mozambique,MOZ,2018,517.5072603,29018644.0,7.010116100311279,0.2415728121995926,60.7904
Mozambique,MOZ,2019,519.0925509,29884380.0,7.097434997558594,0.2374964952468872,61.3059
Mozambique,MOZ,2020,462.4338765,30783688.0,6.340353012084961,0.2059647142887115,61.3904
Mozambique,MOZ,2021,509.9078295,31707800.0,7.722038745880127,0.2435375303030014,60.2683
Mozambique,MOZ,2022,578.2516638,32656246.0,9.29568576812744,0.2846526503562927,63.0115
Mozambique,MOZ,2023,622.0002977,33635160.0,9.093456268310549,0.2703556418418884,63.6111
Nigeria,NGA,1990,556.3764491,97120925.0,38.78559875488281,0.3993536829948425,45.7327
Nigeria,NGA,1991,596.9387957,99720162.0,41.841453552246094,0.4195886850357055,45.4832
Nigeria,NGA,1992,508.5159057,102372770.0,46.16151428222656,0.4509159326553345,45.5874
Nigeria,NGA,1993,539.5732023,105122069.0,44.70457458496094,0.4252634346485138,45.7826
Nigeria,NGA,1994,744.8842472,107935714.0,80.36018371582031,0.7445189356803894,45.7476
Nigeria,NGA,1995,1271.616174,110819428.0,84.23040008544922,0.7600688934326172,45.8701
Nigeria,NGA,1996,1632.724694,113754779.0,97.76747131347656,0.8594581484794617,45.8328
Nigeria,NGA,1997,1720.275409,116754792.0,95.6489486694336,0.8192293643951416,45.9598
Nigeria,NGA,1998,1822.469985,119846254.0,86.33821105957031,0.720408022403717,46.1479
Nigeria,NGA,1999,480.6693639,123047320.0,84.83770751953125,0.6894721388816833,46.6088
Nigeria,NGA,2000,547.3182989,126382494.0,96.83103942871094,0.7661744952201843,47.1427
Nigeria,NGA,2001,566.4282318,129862595.0,100.21815490722656,0.7717245221138,47.5493
Nigeria,NGA,2002,712.1648521,133471989.0,89.90631103515625,0.6735967993736267,48.0201
Nigeria,NGA,2003,763.3887454,137202644.0,100.0296859741211,0.7290652990341187,48.618
Nigeria,NGA,2004,962.4810419,141057045.0,94.96183776855467,0.6732158660888672,49.1477
Nigeria,NGA,2005,1211.377035,145017253.0,101.66603088378906,0.7010616064071655,49.5377
Nigeria,NGA,2006,1599.538916,149077334.0,90.09715270996094,0.6043651700019836,49.876
Nigeria,NGA,2007,1815.526975,153267261.0,82.17002868652344,0.5361225605010986,50.3812
Nigeria,NGA,2008,2154.105435,157595014.0,86.48885345458984,0.548804521560669,50.7483
Nigeria,NGA,2009,1820.486339,162049464.0,77.0313720703125,0.475357174873352,51.0801
Nigeria,NGA,2010,2202.25673,166642886.0,112.04979705810548,0.6723947525024414,51.3145
Nigeria,NGA,2011,2418.41317,171379598.0,126.115478515625,0.7358838319778442,51.4902
Nigeria,NGA,2012,2633.197347,176200625.0,110.12454986572266,0.624995231628418,51.6876
Nigeria,NGA,2013,2872.790834,181049443.0,117.40079498291016,0.6484460234642029,51.8271
Nigeria,NGA,2014,3088.721313,185896915.0,123.9712371826172,0.6668816208839417,51.9401
Nigeria,NGA,2015,2585.733607,190671878.0,110.52458953857422,0.579658567905426,51.9394
Nigeria,NGA,2016,2070.412734,195443700.0,116.39599609375,0.5955474972724915,52.1894
Nigeria,NGA,2017,1876.340271,200254579.0,112.54036712646484,0.56198650598526,52.3971
Nigeria,NGA,2018,2057.879446,204938755.0,106.78572845458984,0.5210616588592529,52.669
Nigeria,NGA,2019,3189.812865,209485641.0,127.85929870605467,0.6103487610816956,53.0086
Nigeria,NGA,2020,2797.184581,213996181.0,124.8992919921875,0.5836519598960876,53.0724
Nigeria,NGA,2021,2787.487792,218529286.0,147.77662658691406,0.6762325763702393,53.455
Nigeria,NGA,2022,2899.160475,223150896.0,131.44093322753906,0.5890226364135742,54.079
Nigeria,NGA,2023,2138.763837,227882945.0,129.3760986328125,0.5677304863929749,54.4623
South Africa,ZAF,1990,3093.489204,40746268.0,312.93389892578125,7.680061340332031,62.9422
South Africa,ZAF,1991,3243.23616,41687898.0,326.0303649902344,7.820742607116699,62.9827
South Africa,ZAF,1992,3462.394002,42443509.0,301.3290405273437,7.099532127380371,62.839
South Africa,ZAF,1993,3399.640096,43297156.0,320.3526306152344,7.398930549621582,62.6183
South Africa,ZAF,1994,3488.597115,44004139.0,338.70123291015625,7.697031497955322,62.0693
South Africa,ZAF,1995,3855.634087,44541554.0,361.7119445800781,8.120774269104004,61.6033
South Africa,ZAF,1996,3617.55336,45123018.0,363.7323303222656,8.060903549194336,61.0786
South Africa,ZAF,1997,3700.235548,45666838.0,385.2154235839844,8.435342788696289,60.538
South Africa,ZAF,1998,3309.609331,46223880.0,377.2734375,8.161871910095215,59.9124
South Africa,ZAF,1999,3242.368305,46730335.0,374.8690185546875,8.021964073181152,59.1895
South Africa,ZAF,2000,3217.846934,47159719.0,378.33251953125,8.022366523742676,58.3678
South Africa,ZAF,2001,2847.151919,47566800.0,371.60198974609375,7.8122124671936035,57.1607
South Africa,ZAF,2002,2688.23676,48019415.0,356.50115966796875,7.424104690551758,55.5795
South Africa,ZAF,2003,4062.21756,48500348.0,404.4060363769531,8.33820915222168,54.2451
South Africa,ZAF,2004,5221.463337,48991421.0,449.3216247558594,9.171435356140137,53.963
South Africa,ZAF,2005,5836.876633,49490033.0,416.2048645019531,8.409871101379395,53.9142
South Africa,ZAF,2006,6077.382934,49998277.0,446.7443237304688,8.935194969177246,54.2204
South Africa,ZAF,2007,6591.85536,50528584.0,465.0337219238281,9.203380584716797,54.9477
South Africa,ZAF,2008,6184.754743,51114599.0,494.6725463867188,9.677716255187988,55.9817
South Africa,ZAF,2009,6374.7056,51728516.0,474.5122680664063,9.17312717437744,57.413
South Africa,ZAF,2010,7973.471958,52344051.0,467.3525085449219,8.928475379943848,58.8863
South Africa,ZAF,2011,8646.055711,52995205.0,474.2727661132813,8.94935131072998,60.6024
South Africa,ZAF,2012,8076.976785,53782567.0,461.4383850097656,8.57970142364502,61.7366
South Africa,ZAF,2013,7331.654674,54678791.0,456.18798828125,8.34305191040039,62.3883
South Africa,ZAF,2014,6856.731371,55594838.0,481.6378479003906,8.663355827331543,63.1845
South Africa,ZAF,2015,6112.273825,56723537.0,457.4732360839844,8.064963340759277,64.0532
South Africa,ZAF,2016,5651.205852,57259551.0,457.04974365234375,7.982070446014404,64.7495
South Africa,ZAF,2017,6618.335083,57635162.0,440.0102844238281,7.634407520294189,65.4222
South Africa,ZAF,2018,6914.178032,58613001.0,453.7659912109375,7.741729259490967,65.726
South Africa,ZAF,2019,6533.71121,59587885.0,470.7274169921875,7.899717807769775,66.0711
South Africa,ZAF,2020,5580.603831,60562381.0,435.2976684570313,7.187592506408691,65.1502
South Africa,ZAF,2021,6828.756246,61502603.0,439.4643859863281,7.14546012878418,62.0099
South Africa,ZAF,2022,6534.248678,62378410.0,428.78216552734375,6.873886585235596,65.4536
South Africa,ZAF,2023,6034.27209,63212384.0,436.6041870117188,6.906940460205078,66.1387
South Korea,KOR,1990,6812.901942,42869283.0,250.5108337402344,5.682911396026611,70.9936
South Korea,KOR,1991,7872.650524,43295704.0,275.688232421875,6.203724384307861,71.4024
South Korea,KOR,1992,8387.163083,43747962.0,299.9054260253906,6.716250896453857,72.1755
South Korea,KOR,1993,9179.968725,44194628.0,330.1739501953125,7.355551719665527,72.7453
South Korea,KOR,1994,10733.98889,44641540.0,355.69482421875,7.881413459777832,72.889
South Korea,KOR,1995,13001.72059,45092991.0,383.66546630859375,8.456663131713867,73.3752
South Korea,KOR,1996,13864.93765,45524681.0,420.9960632324219,9.22454071044922,74.0207
South Korea,KOR,1997,12821.68933,45953580.0,444.9676208496094,9.685518264770508,74.5313
South Korea,KOR,1998,8583.435575,46286503.0,378.0377807617188,8.177169799804688,75.035
South Korea,KOR,1999,11062.50193,46616677.0,410.5187683105469,8.828288078308105,75.6173
South Korea,KOR,2000,12710.29958,47008111.0,439.9806823730469,9.407999038696287,76.2351
South Korea,KOR,2001,11981.48282,47370164.0,455.6306457519531,9.685312271118164,76.9195
South Korea,KOR,2002,13642.94245,47644736.0,476.06488037109375,10.064984321594238,77.2304
South Korea,KOR,2003,15211.54838,47892330.0,485.2127990722656,10.211962699890137,77.4974
South Korea,KOR,2004,17121.63016,48082519.0,491.3894348144531,10.30229663848877,77.9571
South Korea,KOR,2005,20167.04749,48184561.0,498.6882934570313,10.421548843383787,78.4486
South Korea,KOR,2006,22609.70594,48438292.0,503.4781799316406,10.487704277038574,79.0348
South Korea,KOR,2007,25078.4854,48683638.0,521.708740234375,10.828747749328612,79.4323
South Korea,KOR,2008,22252.31251,49054708.0,532.6507568359375,11.015084266662598,79.9956
South Korea,KOR,2009,19937.30291,49307835.0,537.81982421875,11.07840347290039,80.5504
South Korea,KOR,2010,24071.26205,49554112.0,594.339111328125,12.186739921569824,80.7172
South Korea,KOR,2011,26175.23986,49936638.0,623.4428100585938,12.690265655517578,81.1685
South Korea,KOR,2012,26600.54774,50199853.0,627.9430541992188,12.660248756408691,81.3075
South Korea,KOR,2013,28449.35911,50428893.0,634.5806884765625,12.673574447631836,81.8356
South Korea,KOR,2014,30667.09125,50746659.0,629.366455078125,12.45307159423828,82.3641
South Korea,KOR,2015,30171.79065,51014947.0,634.1773071289062,12.438773155212402,82.5404
South Korea,KOR,2016,30832.06281,51217803.0,637.9140625,12.43549633026123,82.9204
South Korea,KOR,2017,33296.98454,51361911.0,654.5372924804688,12.712851524353027,83.2784
South Korea,KOR,2018,35363.95082,51585058.0,670.168701171875,12.9774808883667,83.34
South Korea,KOR,2019,33826.94433,51764822.0,646.1022338867188,12.48076343536377,83.6846
South Korea,KOR,2020,33645.77195,51836239.0,597.63427734375,11.524331092834473,83.6752
South Korea,KOR,2021,37518.46353,51769539.0,616.0750122070312,11.882237434387209,83.8517
South Korea,KOR,2022,34822.40484,51672569.0,606.8772583007812,11.719733238220217,82.727
South Korea,KOR,2023,35674.096,51712619.0,589.178466796875,11.385368347167969,84.3288
Turkey,TUR,1990,2689.526219,56015628.0,154.5720977783203,2.759445905685425,67.8348
Turkey,TUR,1991,2649.2726,57009887.0,161.1259307861328,2.826280355453491,68.2867
Turkey,TUR,1992,2743.653203,57990118.0,167.23399353027344,2.883836030960083,68.6031
Turkey,TUR,1993,3057.937375,58999167.0,174.2911376953125,2.9541289806365967,69.0178
Turkey,TUR,1994,2176.280181,60033836.0,170.59242248535156,2.841604709625244,69.4024
Turkey,TUR,1995,3845.989979,61024503.0,184.6747131347656,3.026238918304444,69.7341
Turkey,TUR,1996,4041.362103,61951134.0,203.0979461669922,3.2783572673797607,70.2454
Turkey,TUR,1997,4197.376362,62852966.0,215.5115203857422,3.4288201332092285,70.6681
Turkey,TUR,1998,4331.027613,63734383.0,215.58583068847656,3.3825669288635254,71.144
Turkey,TUR,1999,3973.777639,64591923.0,211.2380828857422,3.27034854888916,70.7523
Turkey,TUR,2000,4199.379864,65425961.0,232.9339599609375,3.5602684020996094,71.9312
Turkey,TUR,2001,3052.225671,66245128.0,216.8724822998047,3.2737877368927,72.2711
Turkey,TUR,2002,3591.08629,67048795.0,224.31976318359372,3.3456196784973145,72.6047
Turkey,TUR,2003,4649.636681,67831730.0,239.8485565185547,3.5359342098236084,72.9061
Turkey,TUR,2004,5979.605422,68592617.0,247.84304809570312,3.613261222839356,73.2232
Turkey,TUR,2005,7331.854294,69329557.0,267.710693359375,3.861422061920166,73.5098
Turkey,TUR,2006,7990.082514,70045349.0,285.4294128417969,4.074923038482666,73.8038
Turkey,TUR,2007,9766.917345,70158112.0,316.4974060058594,4.473423957824707,74.1291
Turkey,TUR,2008,10913.4079,71051678.0,312.6282043457031,4.368613243103027,74.3802
Turkey,TUR,2009,9076.924722,72039206.0,318.56793212890625,4.396172046661377,74.679
Turkey,TUR,2010,10698.96994,73142150.0,318.7103271484375,4.345253944396973,74.9642
Turkey,TUR,2011,11373.63558,74223629.0,344.2148132324219,4.638063430786133,74.8234
Turkey,TUR,2012,11776.75934,75175827.0,358.64459228515625,4.769388198852539,75.5519
Turkey,TUR,2013,12635.557,76147624.0,350.6335754394531,4.58926248550415,76.1705
Turkey,TUR,2014,12209.38623,77181884.0,367.2716369628906,4.706429481506348,76.4519
Turkey,TUR,2015,11064.64945,78218479.0,387.7038879394531,4.845437526702881,76.5389
Turkey,TUR,2016,10984.36432,79277962.0,405.55224609375,4.966832637786865,76.5948
Turkey,TUR,2017,10756.38777,80312698.0,430.6216735839844,5.182988166809082,77.0372
Turkey,TUR,2018,9684.118199,81407204.0,423.81829833984375,5.020594120025635,77.4535
Turkey,TUR,2019,9395.23378,82579440.0,406.5677490234375,4.763107299804688,77.737
Turkey,TUR,2020,8798.117917,83384680.0,416.32806396484375,4.8358683586120605,76.5255
Turkey,TUR,2021,9981.763984,84147318.0,457.3772888183594,5.276237487792969,75.7222
Turkey,TUR,2022,10897.83979,84979913.0,443.6026916503906,5.095457077026367,77.5913
Turkey,TUR,2023,13375.09473,85325965.0,486.944580078125,5.579715728759766,77.1557
United Kingdom,GBR,1990,19095.467,57247586.0,601.945068359375,10.492722511291504,75.7377
United Kingdom,GBR,1991,19900.72665,57424897.0,609.4126586914062,10.588316917419434,75.9108
United Kingdom,GBR,1992,20487.17079,57580402.0,593.845947265625,10.28852081298828,76.3074
United Kingdom,GBR,1993,18389.01957,57718614.0,579.612548828125,10.01732063293457,76.1602
United Kingdom,GBR,1994,19709.2381,57865745.0,574.0169067382812,9.896297454833984,76.7198
United Kingdom,GBR,1995,23252.61571,58019030.0,566.158935546875,9.73540496826172,76.614
United Kingdom,GBR,1996,24503.38296,58166950.0,586.7606811523438,10.064754486083984,76.8719
United Kingdom,GBR,1997,26910.13815,58316954.0,562.7081298828125,9.627650260925291,77.1389
United Kingdom,GBR,1998,28396.35235,58487141.0,568.543701171875,9.697671890258787,77.2745
United Kingdom,GBR,1999,28858.00653,58682466.0,561.6495971679688,9.545587539672852,77.3728
United Kingdom,GBR,2000,28383.87611,58892514.0,569.03369140625,9.63527488708496,77.8491
United Kingdom,GBR,2001,28013.87296,59119673.0,577.9705810546875,9.748509407043455,78.1208
United Kingdom,GBR,2002,30158.70178,59370479.0,560.273193359375,9.409910202026367,78.237
United Kingdom,GBR,2003,34556.77261,59647577.0,571.6187744140625,9.555584907531738,78.3302
United Kingdom,GBR,2004,40504.41181,59987905.0,573.4297485351562,9.530166625976562,78.8998
United Kingdom,GBR,2005,42240.2463,60401206.0,570.33837890625,9.412128448486328,79.1061
United Kingdom,GBR,2006,44695.16102,60846820.0,567.8456420898438,9.301154136657717,79.3474
United Kingdom,GBR,2007,50629.07992,61322463.0,559.5664672851562,9.093339920043944,79.5337
United Kingdom,GBR,2008,47652.40307,61806995.0,544.9324340820312,8.785364151000977,79.6554
United Kingdom,GBR,2009,39009.37155,62276270.0,494.1076965332031,7.90493631362915,80.1556
United Kingdom,GBR,2010,39778.32205,62766365.0,511.9045715332031,8.1246337890625,80.3908
United Kingdom,GBR,2011,42295.92738,63258810.0,469.71331787109375,7.395978450775146,80.7961
United Kingdom,GBR,2012,42688.32637,63711000.0,487.4767761230469,7.621530055999756,80.8594
United Kingdom,GBR,2013,43606.98379,64139000.0,477.61126708984375,7.417546272277832,80.9232
United Kingdom,GBR,2014,47746.24218,64620000.0,438.80706787109375,6.764832973480225,81.1529
United Kingdom,GBR,2015,45255.34492,65088000.0,422.4607849121094,6.4614129066467285,80.919
United Kingdom,GBR,2016,41257.90855,65607000.0,399.4301452636719,6.061766147613525,81.0675
United Kingdom,GBR,2017,40916.81151,65966000.0,387.36712646484375,5.837845325469971,81.164
United Kingdom,GBR,2018,43702.99763,66289000.0,379.7297668457031,5.688624382019043,81.1229
United Kingdom,GBR,2019,43158.74113,66631000.0,364.7532653808594,5.435077667236328,81.4426
United Kingdom,GBR,2020,40812.67947,66744000.0,326.2632141113281,4.844160079956055,80.3854
United Kingdom,GBR,2021,47691.37688,66984000.0,342.3655700683594,5.059431076049805,80.708
United Kingdom,GBR,2022,47057.04323,67604000.0,311.1180114746094,4.563231945037842,81.0744
United Kingdom,GBR,2023,49944.47021,68492000.0,307.8261413574219,4.481841087341309,81.3015
United States,USA,1990,23888.60001,249623000.0,5131.7607421875,20.25374794006348,75.3743
United States,USA,1991,24342.2589,252981000.0,5076.41259765625,19.79328727722168,75.5243
United States,USA,1992,25418.99078,256514000.0,5178.76953125,19.94857215881348,75.779
United States,USA,1993,26387.29373,259919000.0,5279.52001953125,20.10225486755371,75.5677
United States,USA,1994,27694.85342,263126000.0,5361.86328125,20.19725799560547,75.7381
United States,USA,1995,28690.8757,266278000.0,5425.83740234375,20.230127334594727,75.8522
United States,USA,1996,29967.71272,269394000.0,5601.09423828125,20.67887306213379,76.1749
United States,USA,1997,31459.13898,272657000.0,5673.1435546875,20.74518203735352,76.4981
United States,USA,1998,32853.67695,275854000.0,5736.35986328125,20.77493095397949,76.6592
United States,USA,1999,34515.39023,279040000.0,5800.28125,20.80553436279297,76.6691
United States,USA,2000,36329.95607,282162411.0,6023.15771484375,21.397859573364254,76.8058
United States,USA,2001,37133.62311,284968955.0,5903.56201171875,20.766742706298828,76.9194
United States,USA,2002,37997.75966,287625193.0,5947.8193359375,20.718021392822266,76.9883
United States,USA,2003,39490.27496,290107933.0,6006.43994140625,20.71842765808105,77.1369
United States,USA,2004,41724.63163,292805298.0,6111.544921875,20.873743057250977,77.535
United States,USA,2005,44123.40707,295516599.0,6126.9033203125,20.718830108642575,77.5264
United States,USA,2006,46302.00088,298379912.0,6045.326171875,20.23674201965332,77.7976
United States,USA,2007,48050.22378,301231207.0,6121.54248046875,20.28046989440918,78.0471
United States,USA,2008,48570.04598,304093966.0,5919.22119140625,19.40917205810547,78.1273
United States,USA,2009,47194.94335,306771529.0,5486.10400390625,17.810670852661133,78.4758
United States,USA,2010,48642.61002,309378227.0,5669.25,18.225419998168945,78.6681
United States,USA,2011,50024.8688,311839461.0,5538.97314453125,17.63414192199707,78.7023
United States,USA,2012,51708.40116,314339099.0,5331.46728515625,16.81239128112793,78.8169
United States,USA,2013,53179.01276,316726282.0,5473.43603515625,17.098569869995117,78.8175
United States,USA,2014,54973.42075,319257560.0,5531.38525390625,17.11891746520996,78.8785
United States,USA,2015,56572.9189,321815121.0,5368.49658203125,16.461393356323242,78.7219
United States,USA,2016,57638.10184,324353340.0,5245.36181640625,15.93465805053711,78.686
United States,USA,2017,59635.09844,326608609.0,5195.41748046875,15.63920783996582,78.6483
United States,USA,2018,62499.87444,328529577.0,5361.236328125,16.000991821289062,78.7997
United States,USA,2019,64746.45068,330226227.0,5235.912109375,15.500492095947266,78.916
United States,USA,2020,63515.94918,331577720.0,4689.95361328125,13.816895484924316,77.0115
United States,USA,2021,70205.05092,332099760.0,5020.11083984375,14.758024215698242,76.3836
United States,USA,2022,76657.24888,334017321.0,5055.40283203125,14.802046775817873,77.9789
United States,USA,2023,81032.26212,336806231.0,4918.40673828125,14.319450378417969,79.3043
Vietnam,VNM,1990,98.79833703,65504552.0,21.29864501953125,0.3251475691795349,69.0268
Vietnam,VNM,1991,143.7152702,66891775.0,21.375534057617188,0.3195539712905884,69.3035
Vietnam,VNM,1992,144.5493924,68260337.0,21.466459274291992,0.314479261636734,69.6197
Vietnam,VNM,1993,189.4185736,69586384.0,22.853002548217773,0.3284119367599487,69.9569
Vietnam,VNM,1994,229.8577873,70854391.0,27.36215209960937,0.3861743807792663,70.3789
Vietnam,VNM,1995,287.802661,72049940.0,30.088472366333008,0.4176057577133178,70.8714
Vietnam,VNM,1996,337.0512318,73156447.0,35.48151016235352,0.4850086271762848,71.2961
Vietnam,VNM,1997,361.6438841,74226889.0,45.502071380615234,0.6130133271217346,71.67
Vietnam,VNM,1998,361.3509284,75299660.0,47.86635208129883,0.6356781721115112,72.2829
Vietnam,VNM,1999,375.9944559,76287452.0,48.54832458496094,0.6363867521286011,72.5754
Vietnam,VNM,2000,404.0297841,77154011.0,53.93546676635742,0.6990623474121094,72.7455
Vietnam,VNM,2001,419.2056776,77969361.0,60.9833869934082,0.7821455597877502,72.9842
Vietnam,VNM,2002,445.1328618,78772224.0,69.53095245361328,0.8826835751533508,73.1384
Vietnam,VNM,2003,497.1170892,79563777.0,77.26105499267578,0.971058189868927,73.2356
Vietnam,VNM,2004,565.4522846,80338971.0,88.9391860961914,1.1070489883422852,73.0623
Vietnam,VNM,2005,710.74676,81088313.0,95.84205627441406,1.1819466352462769,73.1983
Vietnam,VNM,2006,807.7566451,82167897.0,99.65592193603516,1.2128326892852783,73.2925
Vietnam,VNM,2007,925.6403383,83633375.0,101.43263244628906,1.212824821472168,73.385
Vietnam,VNM,2008,1163.831958,85175788.0,114.29957580566406,1.3419256210327148,73.455
Vietnam,VNM,2009,1226.169761,86460018.0,124.49339294433594,1.4398953914642334,73.5253
Vietnam,VNM,2010,1683.161824,87455152.0,139.5638427734375,1.5958333015441897,73.6107
Vietnam,VNM,2011,1950.925042,88468314.0,152.56393432617188,1.7245036363601685,73.7126
Vietnam,VNM,2012,2185.117677,89510356.0,144.28753662109375,1.6119647026062012,73.7619
Vietnam,VNM,2013,2359.517365,90573104.0,151.45936584472656,1.6722333431243896,73.8207
Vietnam,VNM,2014,2546.384645,91679578.0,180.04751586914062,1.963878035545349,73.8859
Vietnam,VNM,2015,2577.568853,92823254.0,213.3913116455078,2.2988991737365723,73.9554
Vietnam,VNM,2016,2735.060438,94000117.0,221.02700805664065,2.351348161697388,73.9837
Vietnam,VNM,2017,2956.109921,95176977.0,227.69436645507807,2.3923261165618896,74.0265
Vietnam,VNM,2018,3222.310031,96237319.0,255.46841430664065,2.654567003250122,74.1004
Vietnam,VNM,2019,3440.900254,97173776.0,339.3123474121094,3.491809844970703,74.2113
Vietnam,VNM,2020,3534.039535,98079191.0,362.598876953125,3.697000980377197,75.3832
Vietnam,VNM,2021,3704.193559,98935098.0,314.19659423828125,3.1757850646972656,74.1448
Vietnam,VNM,2022,4147.697772,99680655.0,322.65313720703125,3.236868381500244,74.5025
Vietnam,VNM,2023,4323.35032,100352192.0,347.3987731933594,3.4617958068847656,74.5883
